abandon,abandoned,abandoned,ละทิ้ง
abash,abashed,abashed,ทำให้อาย
abate,abated,abated,ทำให้น้อยลง
abbreviate,abbreviated,abbreviated,ตัดทอน
abdicate,abdicated,abdicated,ทำให้ถอนตัว
abide,abode,abode,ยึดถือ
absorb,absorbed,absorbed,ดูดซึม; ทำให้สนใจ
accept,accepted,accepted,ยอมรับ
accompany,accompanied,accompanied,ร่วมกับ
ache,ached,ached,เจ็บปวด
achieve,achieved,achieved,สำเร็จบรรลุผล
acknowledge,acknowledged,acknowledged,ทราบ
acquire,acquired,acquired,ได้รับ
act,acted,acted,แสดง; กระทำ
add,added,added,บวก; เพิ่ม
address,addressed,addressed,พูดกับ; จ่าหน้าซองถึง
adjust,adjusted,adjusted,ปรับ; แก้ไข
admire,admired,admired,ชื่นชม
admit,admitted,admitted,ยอมรับ
adopt,adopted,adopted,นำมาใช้
adore,adored,adored,รัก; ชื่นชอบ
adorn,adorned,adorned,ประดับ
advise,advised,advised,แนะนำ
afford,afforded,afforded,สามารถหาได้
agonize,agonized,agonized,ทนทุกข์ทรมาน
agree,agreed,agreed,เห็นด้วย
alight,alit,alit,ลุก
allegorise (US),allegorised,allegorised,เปรียบเทียบ
allegorize,allegorized,allegorized,เปรียบเทียบ
allow,allowed,allowed,อนุญาต; ยอมรับ
am,was,been,เป็น; อยู่; คือ
animate,animated,animated,ทำให้มีชีวิต
announce,announced,announced,ประกาศ
answer,answered,answered,ตอบ
antagonise (UK),antagonised,antagonised,ทำให้ไม่ถูกกัน
antagonize (US),antagonized,antagonized,ทำให้ไม่ถูกกัน
apologise (UK),apologized,apologized,ขอโทษ
apologize (US),apologized,apologized,ขอโทษ
appear,appeared,appeared,ปรากฏ
applaud,applauded,applauded,ปรบมือ
apply,applied,applied,ประยุกต์ใช้
approach,approached,approached,เข้าใกล้
approve,approved,approved,อนุมัติ; เห็นด้วย
are,were,been,เป็น; อยู่; คือ
argue,argued,argued,โต้เถียง
arise,arose,arisen,เกิดขึ้น
arrange,arranged,arranged,จัดเตรียม
arrest,arrested,arrested,จับกุม
arrive,arrived,arrived,มาถึง ไปถึง
ask,asked,asked,สอบถาม
assert,asserted,asserted,ยืนยัน
assort,assorted,assorted,จำแนกประเภท
astonish,astonished,astonished,ทำให้ประหลาดใจ
attack,attacked,attacked,โจมตี
attend,attended,attended,เข้าร่วม
attract,attracted,attracted,ดึงดูด
audit,audited,audited,ตรวจสอบบัญชี
avoid,avoided,avoided,หลีกเลี่ยง
awake,awoke,awoken,ตื่น
back,backed,backed,กลับไป
backslide,backslide,backslide,ย้อนกลับ
bang,banged,banged,ตีอย่างแรง
banish,banished,banished,ขับไล่
bash,bashed,bashed,ตีอย่างแรง; วิจารณ์อย่างรุนแรง
bat,batted,batted,ตี
bead,beaded,beaded,ประดับด้วยสิ่งที่เป็นลูกกลมๆ
beam,beamed,beamed,ยิ้มกว้าง; แผ่รังสี
bear,bore,born,ทน
beat,beat,beat,ตี
beatify,beatified,beatified,ประสาทพร (พิธีที่ชาวคริสต์ทำให้คนเกิดหรือตาย)
beautify,beautified,beautified,ตกแต่ง; ทำให้สวยงาม
become,became,become,กลายเป็น
bed,bedded,bedded,ฝังลงไป
bedeck,bedecked,bedecked,ประดับ
befall,befell,befallen,เกิดขึ้น
beg,begged,begged,ขอ
beget,begot,begot/ begotten,ก่อให้เกิด
begin,began,begun,เริ่ม
behave,behaved,behaved,ประพฤติ
behead,beheaded,beheaded,ตัดหัว; ประหาร
behold,beheld,beheld,เห็น; ดู
bejewel,bejeweled,bejeweled,ประดับด้วยเพชรพลอย
belch,belched,belched,เรอ
believe,believed,believed,เชื่อ
bellow,bellowed,bellowed,ร้อง; แผดเสียง
belong,belonged,belonged,เป็นของ
belt,belted,belted,คาดเข็มขัด
bemuse,bemused,bemused,ทำให้ตะลึง
bend,bent,bent,หัก งอ
benumb,benumbed,benumbed,ทำให้หมดสติ
bequeath,bequeathed,bequeathed,ยกมรดกให้
bereave,bereaved,bereaved,ทำให้สูญเสีย
berth,berthed,berthed,เทียบเรือ
beseech,besought,besought,ขอความกรุณา
beset,beset,beset,โอบล้อมรอบด้าน
besiege,besieged,besieged,ล้อม
bestow,bestowed,bestowed,ประทาน; มอบ
bet,bet,bet,พนัน
betray,betrayed,betrayed,ทรยศ
betroth,betrothed,betrothed,หมั้น
better,bettered,bettered,ทำให้ดีขึ้น
bevel,beveled/ bevelled,beveled/ bevelled,เอียง
bewitch,bewitched,bewitched,ทำให้หลงเสน่ห์
bid,bid,bid/ bidden,ประมูล
bind,bound,bound,ผูกติดกัน
bite,bit,bitten,กัด
bleat,bleated,bleated,พร่ำบ่น
bleed,bled,bled,เลือดออก
bless,blessed,blessed,อวยพร
blossom,blossomed,blossomed,ออกดอก
blow,blew,blown,เป่า
blur,blurred,blurred,ทำให้คลุมเคลือ; ทำให้ไม่ชัดเจน
blush,blushed,blushed,หน้าแดง; เขินอาย
board,boarded,boarded,ขึ้นยานพาหนะ
boast,boasted,boasted,โม้; โอ้อวด
boil,boiled,boiled,ต้ม; ทำให้เดือด
book,booked,booked,จอง
borrow,borrowed,borrowed,ยืม
bow,bowed,bowed,คำนับ
box,boxed,boxed,ใส่กล่อง
brainwash,brainwashed,brainwashed,ล้างสมอง
bray,brayed,brayed,คุย; เป่าแตร
break,broke,broken,แตก; หัก
breathe,breathed,breathed,หายใจ
breed,bred,bred,ผสมพันธ์ุ
bring,brought,brought,นำมา
broadcast,broadcast,broadcast,ออกอากาศ
browbeat,browbeat,browbeaten,รังแก
brush,brushed,brushed,แปรง; ปัด
build,built,built,สร้าง
burn,burnt,burnt,เผา
burst,burst,burst,ระเบิดออก
bury,buried,buried,ฝัง
bust,bust,bust,(ทำให้) แตกออก;ล้มละลาย;ล้มลง;จับกุม
buy,bought,bought,ซื้อ
buzz,buzzed,buzzed,เสียงกริ่ง; เสียงผึ้ง
calculate,calculated,calculated,คาดการณ์; คำนวณ
call,called,called,เรียก; โทรหา
canvass,canvassed,canvassed,ไต่ถาม; ตรวจตรา
capture,captured,captured,จับกุม
care,cared,cared,ดูแล
caress,caressed,caressed,ลูบไล้
carry,carried,carried,ถือ; ดำเนินการ
carve,carved,carved,แกะสลัก; ตัด
cash,cashed,cashed,ขึ้นเงินสด; จ่ายเงินสด
cast,cast,cast,หล่อเหล็ก
catch,caught,caught,จับ
categorise,categorised,categorised,จำแนกประเภท
categorize,categorized,categorized,จำแนกประเภท
cause,caused,caused,ทำให้เกิด
cease,ceased,ceased,สิ้นสุด
celebrate,celebrated,celebrated,เฉลิมฉลอง
challenge,challenged,challenged,ท้าทาย
change,changed,changed,เปลี่ยน
charge,charged,charged,กล่าวหา
chase,chased,chased,ไล่จับ
chat,chatted,chatted,พูดคุย
cheat,cheated,cheated,โกง
check,checked,checked,ตรวจสอบ
cheer,cheered,cheered,ทำให้มีกำลังใจ
chew,chewed,chewed,เคี้ยว
chide,chid,chided,ตะเพิด
chip,chipped,chipped,ตัดออก
choke,choked,choked,สำลัก
choose,chose,chosen,เลือก
classify,classified,classified,จำแนก
clean,cleaned,cleaned,ทำความสะอาด
cleave,cleaved,cleaved,ทำให้แยกออก; กระจาย
click,clicked,clicked,คลิก; ดีดนิ้ว
climb,climbed,climbed,ปีน
cling,clung,clung,พิง
close,closed,closed,ปิด
clothe,clad,clad,ตกแต่ง; แต่งตัว
clutch,clutched,clutched,คว้า; ฉวย
collapse,collapsed,collapsed,พังทลาย
collect,collected,collected,สะสม
colour,coloured,coloured,ทาสี; ระบายสี
come,came,come,มา
comment,commented,commented,แสดงความคิดเห็น
compare,compared,compared,เปรียบเทียบ
compel,compelled,compelled,บังคับ
compete,competed,competed,แข่งขัน
complain,complained,complained,กล่าวหา; บ่น
complete,completed,completed,ทำเสร็จ
conclude,concluded,concluded,สรุป
condole,condoled,condoled,แสดงความเสียใจ
conduct,conducted,conducted,ดำเนิน; ปฏิบัติ
confess,confessed,confessed,สารภาพ
confine,confined,confined,กักขัง; จำกัด
confiscate,confiscated,confiscated,ยึดทรัพย์
confuse,confused,confused,สับสน
congratulate,congratulated,congratulated,แสดงความยินดี
connect,connected,connected,เชื่อมต่อ
connote,connoted,connoted,อธิบาย; มีความหมายว่า
conquer,conquered,conquered,เอาชนะ
consecrate,consecrated,consecrated,อุทิศตนให้กับ
consent,consented,consented,ยอมรับ
conserve,conserved,conserved,ทำให้ปลอดภัย
consider,considered,considered,พิจารณา
consign,consigned,consigned,ส่งมอบ
consist,consisted,consisted,ประกอบด้วย
console,consoled,consoled,ปลอบใจ
consort,consorted,consorted,สัมพันธ์กัน; คบหาด้วย
conspire,conspired,conspired,สมรู้ร่วมคิด
constitute,constituted,constituted,บัญญัติขึ้น; ประกอบด้วย
constrain,constrained,constrained,บีบบังคับ
construct,constructed,constructed,สร้าง
construe,construed,construed,วิเคราะห์
consult,consulted,consulted,ปรึกษา
contain,contained,contained,บรรจุ
contemn,contemned,contemned,ดูถูก
contend,contended,contended,ต่อสู้; ยืนยัน
contest,contested,contested,แข่งขัน
continue,continued,continued,ดำเนินต่อไป
contract,contracted,contracted,ทำสัญญา
contradict,contradicted,contradicted,โต้แย้ง
contrast,contrasted,contrasted,ขัดแย้ง
contribute,contributed,contributed,ช่วยเหลือ; สนับสนุน
contrive,contrived,contrived,วางแผน
control,controlled,controlled,ควบคุม
convene,convened,convened,ประชุม
converge,converged,converged,บรรจบกัน
converse,conversed,conversed,สนทนา
convert,converted,converted,เปลี่ยน
convey,conveyed,conveyed,ถ่ายทอด
convict,convicted,convicted,ลงโทษ; ตัดสินว่าผิด
convince,convinced,convinced,โน้มน้าว
coo,cooed,cooed,กระซิบ
cook,cooked,cooked,ทำอาหาร
cool,cooled,cooled,ทำให้เย็น
co-operate,co-operated,co-operated,ร่วมมือ
cope,coped,cope,รับมือได้
copy,copied,copied,คัดลอก
correct,corrected,corrected,แก้
correspond,corresponded,corresponded,สอดคล้องกัน
corrode,corroded,corroded,กัดกร่อน
corrupt,corrupted,corrupted,ทุจริต; เน่าเปื่อย
cost,cost,cost,มีราคา
cough,coughed,coughed,ไอ
counsel,counselled,counselled,ให้คำปรึกษา
count,counted,counted,นับ
course,coursed,coursed,ติดตาม
cover,covered,covered,ปกป้อง; ทำงานแทน
cower,cowered,cowered,ตื่นกลัว
crack,cracked,cracked,ทำให้แตกร้าว
crackle,crackled,crackled,เสียงประทุ
crash,crashed,crashed,ชนอย่างแรง
crave,craved,craved,ปรารถนา
create,created,created,สร้าง
creep,crept,crept,คืบคลาน
crib,cribbed,cribbed,กักขัง
cross,crossed,crossed,ข้าม; ขัดขวาง
crossbreed,crossbred,crossbred,เอาพันธุ์ต่างชนิดมาผสมกัน
crow,crew,crowed,คุยโม้; ร้อง
crowd,crowded,crowded,ชุมนุม; กดดัน
crush,crushed,crushed,บดขยี้
cry,cried,cried,ร้องไห้
curb,curbed,curbed,ควบคุม
cure,cured,cured,รักษา
curve,curved,curved,ทำให้โค้ง
cut,cut,cut,ตัด
cycle,cycled,cycled,ขี่จักรยาน; หมุนรอบ
damage,damaged,damaged,ได้รับความเสียหาย
damp,damped,damped,ทำให้ชื้น
dance,danced,danced,เต้นรำ
dare,dared,dared,กล้า ท้าทาย
dash,dashed,dashed,ทำลาย; ชนอย่างรุนแรง
dazzle,dazzled,dazzled,ส่งแสงพร่า
deal,dealt,dealt,จัดการ
debate,debated,debated,อภิปราย โต้วาที
decay,decayed,decayed,ย่อยสลาย
decide,decided,decided,ตัดสิน
declare,declared,declared,ประกาศ
decline,declined,declined,ปฎิเสธ; ลดลง
decorate,decorated,decorated,ตกแต่ง
decrease,decreased,decreased,ลดลง
dedicate,dedicated,dedicated,อุทิศ
deduct,deducted,deducted,หัก
defeat,defeated,defeated,พ่ายแพ้
delay,delayed,delayed,ล่าช้า
delete,deleted,deleted,ลบ
delineate,delineated,delineated,วาดภาพ
deliver,delivered,delivered,ส่ง
demonstrate,demonstrated,demonstrated,สาธิต
deny,denied,denied,ปฏิเสธ
depend,depended,depended,ขึ้นอยู่กับ
deprive,deprived,deprived,ตัดสิทธิ์; ถอดถอน
derive,derived,derived,ได้รับมาจาก
describe,described,described,อธิบาย
desire,desired,desired,ต้องการ
destroy,destroyed,destroyed,ทำลาย
detach,detached,detached,แยกออก
detect,detected,detected,ตรวจจับ
determine,determined,determined,กำหนด
develop,developed,developed,พัฒนา
die,died,died,ตาย
differ,differed,differed,แตกต่าง
dig,dug,dug,ขุด
digest,digested,digested,ย่อยอาหาร; จำแนก
dim,dimmed,dimmed,สลัว; ริบหรี่
diminish,diminished,diminished,ลดน้อยลง; เบาบาง
dine,dined,dined,ทานอาหารเย็น; เลี้ยง
dip,dipped,dipped,จุ่ม; จมลง
direct,directed,directed,โดยตรง; นำ
disappear,disappeared,disappeared,หาย; สาบสูญ
discover,discovered,discovered,ค้นพบ; เปิด
discuss,discussed,discussed,สนธนา; หารือ
disgorge,disgorged,disgorged,คาย; พ่น
disobey,disobeyed,disobeyed,ไม่เชื่อฟัง; ฝ่าฝืน
display,displayed,displayed,แสดง
dispose,disposed,disposed,กำจัด; จำกัด
distribute,distributed,distributed,แจกจ่าย; จำหน่าย
disturb,disturbed,disturbed,รบกวน
disuse,disused,disused,เลิกใช้
dive,dove,dived,ดำน้ำ
divide,divided,divided,แบ่ง; หาร
do,did,done,ทำ
document,documented,documented,ใช้เอกสารประกอบ
dodder,doddered,doddered,สั่น
dodge,dodged,dodged,หลบ
dogmatise,dogmatised,dogmatised,พูดอย่างดื้อรั้น
dogmatize,dogmatized,dogmatized,พูดอย่างดื้อรั้น
dole,doled,doled,บริจาคเพื่อการกุศล
domesticate,domesticated,domesticated,ทำให้เชื่อง
dominate,dominated,dominated,ครอบงำ
don,doned,doned,สวม
donate,donated,donated,บริจาค
dope,doped,doped,เจือสาร; กระตุ้นด้วยยากระตุ้น
dot,doted,doted,จุด
dote,doted,doted,หลงใหล; ให้ความรักมากเกินไป
double,doubled,doubled,ทำเป็นสองเท่า
doubt,doubted,doubted,สงสัย
download,downloaded,downloaded,ดาวน์โหลด
doze,dozed,dozed,เคลิ้ม
drag,dragged,dragged,ลาก; ดึง
draw,drew,drawn,วาด; ถอนเงิน
dread,dreaded,dreaded,กลัว; กลัวมาก
dream,dreamt,dreamt,ฝัน
dress,dressed,dressed,แต่งตัว; ตกแต่ง
drill,drilled,drilled,เจาะ; ฝึกฝน
drink,drank,drunk,ดื่ม
drive,drove,driven,ขับรถ
drop,dropped,dropped,แวะ; ตก
dry,dried,dried,แห้ง; ตาก
dump,dumped,dumped,เท; ทิ้ง
dwell,dwelt,dwelt,อาศัยอยู่
dye,dyed,dyed,ย้อมสี
earn,earned,earned,ได้รับ
eat,ate,eaten,กิน
educate,educated,educated,สอน
elaborate,elaborated,elaborated,ทำอย่างละเอียด
empower,empowered,empowered,มอบอำนาจ; อนุญาติ
empty,emptied,emptied,ทำให้ว่างเปล่า
encircle,encircled,encircled,ล้อมรอบ
enclose,enclosed,enclosed,ล้อมรอบ; ใส่; ห่อหุ้ม
encompass,encompassed,encompassed,ห้อมล้อม
encounter,encountered,encountered,พบ เผชิญหน้า
encourage,encouraged,encouraged,ส่งเสริม; ให้กำลังใจ
encroach,encroached,encroached,บุกรุก
end,ended,ended,จบ
endanger,endangered,endangered,ทำให้เกิดอันตราย
endorse,endorsed,endorsed,รับรอง
endow,endowed,endowed,บริจาค
endure,endured,endured,มานะอดทน
engrave,engraved,engraved,แกะสลัก; ฝัง
enjoy,enjoyed,enjoyed,สนุก
enlarge,enlarged,enlarged,ขยาย; เพิ่ม
enlighten,enlightened,enlightened,ให้ความรู้; ทำให้เกิดแสง
enroll,enrolled,enrolled,ลงทะเบียน
enter,entered,entered,เข้าไป
entertain,entertained,entertained,จบ
entreat,entreated,entreated,วิงวอน; อ้อนวอน
enucleate,enucleated,enucleated,เจาะ
envy,envied,envied,อิจฉา
erase,erased,erased,ลบ; ขีดฆ่า
escape,escaped,escaped,หนี; หลีกเลี่ยง
evaporate,evaporated,evaporated,ระเหย; จางหาย
exchange,exchanged,exchanged,แลกเปลี่ยน
exclaim,exclaimed,exclaimed,อุทาน; ตะโกน
exclude,excluded,excluded,แยกออก; ไล่ออก
exist,existed,existed,ดำรงอยู่; คงไว้
expand,expanded,expanded,ขยาย; เพิ่ม
expect,expected,expected,คาดหวัง; คาดคิด
explain,explained,explained,อธิบาย
explore,explored,explored,สำรวจ
export,exported,exported,ส่งออก
express,expressed,expressed,แสดง; บอก
extend,extended,extended,ขยาย; ต่อ
eye,eyed,eyed,มอง; จ้อง
fabricate,fabricated,fabricated,ประดิษฐ์
face,faced,faced,เผชิญหน้า; ฉาบ
fail,failed,failed,ล้มเหลว
faint,fainted,fainted,เป็นลม; หน้ามืด
fall,fell,fallen,ร่วง; ล้ม
fan,fanned,fanned,พัด; กระพือ
fancy,fancied,fancied,เพ้อฝัน; ชอบ; ต้องการ
favour,favoured,favoured,โปรดปราน; สนับสนุน
fax,faxed,faxed,โทรสาร
fear,feared,feared,กลัว
feather,feathered,feathered,ปกคลุมด้วยขนนก
feed,fed,fed,ให้อาหารสัตว์
feel,felt,felt,รู้สึก
ferry,ferried,ferried,ส่งข้ามฟาก
fetch,fetched,fetched,ตัก; ทำให้; รับมา
fidget,fidgeted,fidgeted,อยู่ไม่สุข
fight,fought,fought,ต่อสู้
fill,filled,filled,ใส่; บรรจุ; สอดไส้
find,found,found,พบ
finish,finished,finished,เสร็จ
fish,fished,fished,จับปลา; ค้นหา
fit,fit,fit,พอเหมาะ
fix,fixed,fixed,ซ่อม
fizz,fizzed,fizzed,เดือดเป็นฟองดังฟู
flap,flapped,flapped,กระพือ; สะบัด
flash,flashed,flashed,ส่องแสง; เกิดขึ้นอย่างรวดเร็ว
flee,fled,fled,หลบหนี
fling,flung,flung,เขวี้ยง
float,floated,floated,ลอย; ดำเนินการ
flop,flopped,flopped,ล้ม; เดินโงนเงน
fly,flew,flown,บิน
fold,folded,folded,พับ; ห่อ
follow,followed,followed,ติดตาม; ปฏิบัติตาม
forbid,forbade,forbidden,ห้าม
force,forced,forced,บังคับ; ฝืน; บีบ
forecast,forecast,forecast,พยากรณ์
forego,forewent,foregone,ยอม; ไม่เอา
foresee,foresaw,foreseen,คาด
foretell,foretold,foretold,พยากรณ์; คาดการณ์
forget,forgot,forgotten,ลืม
forgive,forgave,forgiven,ให้อภัย
forlese,forlore,forlorn,ทำลาย; ละทิ้ง
form,formed,formed,สร้าง; ก่อตัว
forsake,forsook,forsaken,สละ; ละทิ้ง
forward,forwarded,forwarded,ส่งต่อ
found,founded,founded,ก่อตั้ง; สถาปนา
frame,framed,framed,กำหนด; ทำกรอบ; ประกอบ
free,freed,freed,พ้น; ว่างเว้น; เปิดเผย
freeze,froze,frozen,หยุด; เป็นน้ำแข็ง
frighten,frightened,frightened,ขู่; ทำให้ตกใจ
fry,fried,fried,ทอด
fulfil,fulfilled,fulfilled,เติมเต็ม; บรรลุเป้าหมาย
gag,gagged,gagged,ปิดปาก; อุดปาก
gain,gained,gained,ได้มา; ได้กำไร; ชนะ
gainsay,gainsaid,gainsaid,คัดค้าน; ต่อต้าน
gash,gashed,gashed,บั่น; ทำให้เป็นแผลตัดยาวลึก
gaze,gazed,gazed,จ้องมอง; เพ่ง
get,got,gotten,ได้
give,gave,given,ให้
glance,glanced,glanced,ชำเลือง; ชายตามอง
glitter,glittered,glittered,มันวาว; ส่องแสงระยิบระยับ
glow,glowed,glowed,เรืองแสง; เปล่งแสง
go,went,gone,ไป
google,googled,googled,ค้นหาในเว็บ google
govern,governed,governed,ปกครอง; ดูแล; ครอบงำ
grab,grabbed,grabbed,คว้า; จับ; ฉกฉวย
grade,graded,graded,ให้คะแนน; จัดลำดับ
grant,granted,granted,มอบให้; ยินยอม; อนุญาต
greet,greeted,greeted,ทักทาย
grind,ground,ground,บด
grip,gripped,gripped,กำ; คีบ
grow,grew,grown,เจริญงอกงาม
guard,guarded,guarded,ป้องกัน; เฝ้าระวัง
guess,guessed,guessed,เดา; นึกเห็น
guide,guided,guided,ชี้นำ; นำเที่ยว
handle,handled,handled,จัดการ; ควบคุม
hang,hung,hung,แขวน; ห้อย;โหน
hang (people),hanged,hanged,แขวนคอ
hang (picture),hung,hung,แขวน
happen,happened,happened,เกิดขึ้น; อุบัติ
harm,harmed,harmed,ทำให้เป็นภัย; ทำให้ได้รับบาดเจ็บ
hatch,hatched,hatched,ฟัก; กก
hate,hated,hated,เกลียด
have,had,had,มี
heal,healed,healed,รักษา; เยียวยา
hear,heard,heard,ได้ยิน
heat,heated,heated,ทำให้ร้อน; ทำให้อุ่น
heave,hove,hove,ชัก; ยก; ลาก
help,helped,helped,ช่วยเหลือ
hew,hewed,hewn,โค่น; ฟัน
hide,hid,hidden,ซ่อน
hinder,hindered,hindered,ขัดขวาง; ขัดแข้งขัดขา
hiss,hissed,hissed,ทำเสียงฟ่อ; ทำเสียงไม่พอใจ
hit,hit,hit,ตี
hoax,hoaxed,hoaxed,หลอกลวง; เล่นกล
hold,held,held,ถือ
hop,hopped,hopped,กระโดด; โลดเต้น
hope,hoped,hoped,คาดหวัง; คาดคิด
horrify,horrified,horrified,ทำให้กลัว; ทำให้ตกใจ
hug,hugged,hugged,กอด; โอบรัด
hum,hummed,hummed,ร้องเพลงในคอ
humiliate,humiliated,humiliated,ฉีกหน้า; ทำให้ขายหน้า
hunt,hunted,hunted,ล่า; ไล่กวด
hurl,hurled,hurled,ขว้าง; ด่าทอ
hurry,hurried,hurried,เร่งรีบ
hurt,hurt,hurt,ทำร้าย
hush,hushed,hushed,จุปาก; ปิดปาก; ปิดบัง
hustle,hustled,hustled,เร่งรีบ
hypnotise (UK),hypnotized,hypnotized,สะกดจิต
hypnotize (US),hypnotized,hypnotized,สะกดจิต
idealize,idealized,idealized,ทำให้ตามอุดมคติ
identify,identified,identified,แยกแยะ; ชี้ตัว; แสดงตัว
idolize,idolized,idolized,เทอดทูน; เลื่อมใสมากเกินไป
ignite,ignited,ignited,จุดไฟ; จุดชนวน
ignore,ignored,ignored,ไม่สนใจ; ละเลย
illtreat,illtreated,illtreated,การรักษา; การรักษาที่ไม่ดี
ill-treat,ill-treated,ill-treated,กดขี่ข่มเหง; ทารุณ
illuminate,illuminated,illuminated,ส่องสว่าง; ชี้แจง
illumine,illumined,illumined,ทำให้แจ่มแจ้ง; ทำให้สว่าง
illustrate,illustrated,illustrated,แสดง; ทำให้เห็นภาพ
imagine,imagined,imagined,จินตนาการ; นึกคิด
imbibe,imbibed,imbibed,ดื่ม; ดูดซึม
imitate,imitated,imitated,เลียนแบบ; ปลอม
immerse,immersed,immersed,แช่; หมกมุ่น
immolate,immolated,immolated,บูชายัญ; สังเวย
immure,immured,immured,กักขัง; สร้างกำแพงล้อมรอบ
impair,impaired,impaired,ทำให้แย่ลง
impart,imparted,imparted,แจ้ง; บอก
impeach,impeached,impeached,ฟ้องร้อง; กล่าวหา
impede,impeded,impeded,ขัดขวาง
impel,impelled,impelled,ขับเคลื่อน; ผลักดัน
impend,impended,impended,บีบบังคับ; คุกคาม
imperil,imperilled,imperilled,ทำให้เกิดอันตราย
impinge,impinged,impinged,กระทบ; ปะทะ
implant,implanted,implanted,ปลูกฝัง; เพาะปลูก
implicate,implicated,implicated,พัวพัน; ติดร่างแห
implode,imploded,imploded,ระเบิดอยู่ภายใน
implore,implored,implored,ขอร้อง; วิงวอน
imply,implied,implied,เกริ่น; บ่งบอกถึง
import,imported,imported,นำเข้า
impose,imposed,imposed,กำหนด; วางโทษ
impress,impressed,impressed,ประทับใจ; ประทับตรา
imprint,imprinted,imprinted,ประทับ; ตราตรึง
imprison,imprisoned,imprisoned,จำคุก
improve,improved,improved,พัฒนา; ปรับปรุง
inaugurate,inaugurated,inaugurated,เปิดฉาก; เปิดป้าย
incise,incised,incised,ตัด; ผ่าตัด
include,included,included,รวมถึง; ประกอบด้วย
increase,increased,increased,เพิ่มขึ้น
inculcate,inculcated,inculcated,อบรม
indent,indented,indented,ย่อหน้า
indicate,indicated,indicated,บ่งชี้; ระบุ
induce,induced,induced,ชักชวน; โน้มน้าว
indulge,indulged,indulged,ดื่มด่ำ; หลงระเริง
infect,infected,infected,ติดเชื้อ; ปนเปื้อน
infest,infested,infested,รังควาญ
inflame,inflamed,inflamed,อักเสบ
inflate,inflated,inflated,พอง; ขยาย
inflect,inflected,inflected,ทำให้โค้งงอ
inform,informed,informed,แจ้ง; บอก
infringe,infringed,infringed,ละเมิด; ฝ่าฝืน
infuse,infused,infused,แช่; กรอกใส่
ingest,ingested,ingested,รับประทาน
inhabit,inhabited,inhabited,อยู่อาศัย
inhale,inhaled,inhaled,สูด; หายใจเข้า
inherit,inherited,inherited,สืบทอด; รับมรดก
initiate,initiated,initiated,ริเริ่ม; เริ่มต้น
inject,injected,injected,ฉีด; พ่น
injure,injured,injured,ทำร้าย
inlay,inlaid,inlaid,ฝัง; จารึก
innovate,innovated,innovated,เปลี่ยนแปลงใหม่; ปรับปรุง
input,input,input,นำเข้าข้อมูล
inquire,inquired,inquired,สอบถาม; สอบปากคำ
inscribe,inscribed,inscribed,ลงชื่อ; จารึก
insert,inserted,inserted,เสียบ; แทรก
inspect,inspected,inspected,ตรวจสอบ
inspire,inspired,inspired,สร้างแรงบันดาลใจ; บันดาลใจ
install,installed,installed,ติดตั้ง
insult,insulted,insulted,ดูถูก
insure,insured,insured,ประกัน; รับรอง
integrate,integrated,integrated,รวบรวม
interweave,interwove,interwoven,คลุกเคล้า
introduce,introduced,introduced,แนะนำ
invent,invented,invented,ประดิษฐ์; สร้างสรรค์
invigorate,invigorated,invigorated,เติมพลัง
invite,invited,invited,เชิญชวน
is,was,been,เป็น; อยู่; คือ
join,joined,joined,เข้าร่วม
jump,jumped,jumped,กระโดด
justify,justified,justified,ให้เหตุผล; อธิบาย
keep,kept,kept,เก็บรักษา
kick,kicked,kicked,เตะ; ต่อต้าน
kid,kidded,kidded,หยอกล้อ
kill,killed,killed,ฆ่า
kiss,kissed,kissed,จูบ
kneel,knelt,knelt,คุกเข่า
knit,knit,knit,ถัก
knock,knocked,knocked,เคาะ; ตี; ทุบ
know,knew,known,รู้จัก
lade,laded,laden,บรรทุก; แบก
land,landed,landed,นำลงจอด; ขึ้นบก
last,lasted,lasted,คงอยู่
latch,latched,latched,ใส่กลอน (ประตู)
laugh,laughed,laughed,หัวเราะ
lay,laid,laid,วางไข่
lead,led,led,นำ
leak,leaked,leaked,รั่วไหล
lean,leant/ leaned,leant/ leaned,ยัน
leap,leapt,leapt,กระโดด
learn,learnt,learnt,เรียน
leave,left,left,ออกจาก
leer,leered,leered,เหลือบมอง; มองค้อน
lend,lent,lent,ให้ยืม
let,let,let,อนุญาต
lick,licked,licked,เลีย; ชนะ
lie,lay,lain,นอนลง
lift,lifted,lifted,ยก
light,lit,lit,จุดไฟ
like,liked,liked,ชอบ
limp,limped,limped,เดินกะเผลก
listen,listened,listened,ฟัง
live,lived,lived,อาศัยอยู่
look,looked,looked,มองดู
lose,lost,lost,ทำหาย
love,loved,loved,รัก
magnify,magnified,magnified,ขยาย
maintain,maintained,maintained,เก็บ บำรุงรักษา
make,made,made,ทำ
manage,managed,managed,จัดการ
manipulate,manipulated,manipulated,จัดการ
manufacture,manufactured,manufactured,ผลิต
march,marched,marched,เดินขบวน
mark,marked,marked,ทำเครื่องหมาย
marry,married,married,แต่งงาน
mash,mashed,mashed,บด; ผสมกัน
match,matched,matched,จับคู่
matter,mattered,mattered,สำคัญ
mean,meant,meant,หมายถึง
measure,measured,measured,วัด (ขนาด ปริมาณ)
meet,met,met,พบ
melt,melted,melted,ละลาย
memorise (UK),memorized,memorized,จดจำ
memorize (US),memorized,memorized,จดจำ
mention,mentioned,mentioned,กล่าวถึง
merge,merged,merged,รวมเข้าด้วยกัน
mew,mewed,mewed,เสียงแมวร้อง
migrate,migrated,migrated,อพยพ; ย้ายถิ่น
milk,milked,milked,รีดนม; รีดไถ
mind,minded,minded,สังเกต; รังเกียจ; ระวัง
misinterpret,misinterpreted,misinterpreted,ตีความผิด
mislead,misled,misled,ทำให้เข้าใจผิด
miss,missed,missed,พลาด; คิดถึง
misspell,misspelled/ misspelt,misspelled/ misspelt,สะกดผิด
mistake,mistook,mistaken,ทำผิด
mistreat,mistreated,mistreated,ทารุณ
misuse,misused,misused,ใช้ในทางที่ผิด
mix,mixed,mixed,ผสม
moan,moaned,moaned,ร้องคร่ำครวญ
mob,mobbed,mobbed,ถู
modify,modified,modified,ดัดแปลง
moo,mooed,mooed,ส่งเสียงร้อง (วัว)
motivate,motivated,motivated,กระตุ้น; ผลักดัน
mould,moulded,moulded,หล่อแบบ; ฝึกฝน
moult,moulted,moulted,ลอกคราบ
move,moved,moved,ย้าย ขยับ
mow,mowed,mowed/ mown,ตัดหญ้า
multiply,multiplied,multiplied,คูณ; เพิ่มทวีคูณ
murmur,murmured,murmured,บ่นพึมพำ
nab,nabbed,nabbed,จับ; ยึด
nag,nagged,nagged,ดุด่า
nail,nailed,nailed,ตอกตะปู; ตรึง
nap,napped,napped,งีบหลับ
nauseate,nauseated,nauseated,ทำให้ไม่สบาย
need,needed,needed,ต้องการ
neglect,neglected,neglected,เพิกเฉย
negotiate,negotiated,negotiated,เจรจาต่อรอง
nibble,nibbled,nibbled,เล็ม; แทะ
nip,nipped,nipped,หยิก; หนีบ
nod,nodded,nodded,พยักหน้า
note,noted,noted,จดบันทึก; สังเกต
notice,noticed,noticed,สังเกตเห็น
notify,notified,notified,ประกาศ; แจ้งความ
nourish,nourished,nourished,เลี้ยงดู; สนับสนุน
nurse,nursed,nursed,ดูแล; รักษา; ให้นม
obey,obeyed,obeyed,เชื่อฟัง
object,objected,objected,คัดค้าน
oblige,obliged,obliged,บังคับ; ช่วยเหลือ
observe,observed,observed,สังเกต
obstruct,obstructed,obstructed,ขัดขวาง
obtain,obtained,obtained,ได้รับ
occupy,occupied,occupied,ยึดครอง
occur,occurred,occurred,ปรากฏ; เกิดขึ้น
offer,offered,offered,เสนอ
offset,offset,offset,ชดเชย; ตอบแทน
omit,omitted,omitted,ละเว้น
ooze,oozed,oozed,รั่ว; ไหลซึม
open,opened,opened,เปิด
operate,operated,operated,ผ่าตัด; ปฏิบัติงาน
opine,opined,opined,แสดงความคิดเห็น
oppress,oppressed,oppressed,กดขี่; บังคับ
opt,opted,opted,เลือก
optimize,optimized,optimized,ใช้ให้เหมาะสม
order,ordered,ordered,สั่งซื้อ
organise (UK),organized,organized,จัดตั้ง
organize (US),organized,organized,จัดตั้ง
originate,originated,originated,ริเริ่ม; ประดิษฐ์
outbid,outbade/ outbid,outbidden/ outbid,ประมูลสูงกว่า
outgrow,outgrew,outgrown,เจริญเร็วกว่า
output,output,output,แสดงผล ผ่านคอมพิวเตอร์
outshine,outshone/ outshined,outshone/ outshined,บดบังรัศมี
overbid,overbade/ overbid,overbidden/ overbid,ให้ราคาสูงเกินไป
overcast,overcast/ overcasted,overcast/ overcasted,มืดครึ้ม
overcome,overcame,overcome,เอาชนะ
overdo,overdid,overdone,ทำมากเกินไป
overdraw,overdrew,overdrawn,เรียกร้องมากไป
overfeed,overfed,overfed,ให้อาหารมากไป
overflow,overflowed,overflowed,ท่วม; ไหลล้น
overhang,overhung,overhung,สิ่งที่แขวนอยู่
overrun,overran,overrun,บุกรุก
oversee,oversaw,overseen,กำกับ
overtake,overtook,overtaken,ตามทัน
overthrow,overthrew,overthrown,ปลดจากตำแหน่ง
owe,owed,owed,เป็นหนี้
own,owned,owned,เป็นเจ้าของ; สารภาพ
pacify,pacified,pacified,ปลอบใจ
paint,painted,painted,วางภาพ ระบายสี
pair,paired,paired,จับคู่
paraphrase,paraphrased,paraphrased,ถอดความ
pardon,pardoned,pardoned,ให้อภัย
part,parted,parted,แบ่งแยก
partake,partook,partaken,เข้าร่วม
participate,participated,participated,เข้าร่วม
pass,passed,passed,ส่ง
paste,pasted,pasted,วาง; แปะ
pat,patted,patted,ลูบ; ตบเบาๆ
patch,patched,patched,ติดตั้ง; แปะ
pause,paused,paused,หยุดชั่วคราว
pay,paid,paid,จ่าย
peep,peeped,peeped,แอบมอง
perceive,perceived,perceived,รับรู้ เข้าใจ
perform,performed,performed,ดำเนินการ
perish,perished,perished,ตาย
permeate,permeated,permeated,ซึม
permit,permitted,permitted,อนุญาต
persuade,persuaded,persuaded,ชักชวน
phone,phoned,phoned,โทร
pick,picked,picked,หยิบ
place,placed,placed,จัด; วาง
plan,planned,planned,วางแผน
play,played,played,เล่น
plead,pled,pled,อ้อนวอน; ขอโทษ
please,pleased,pleased,ทำให้พอใจ
plod,plodded,plodded,พยายาม; เดินย่ำ
plot,plotted,plotted,วางแผน
pluck,plucked,plucked,ดึง; ถอน
ply,plied,plied,ใช้สอย; ปฏิบัติงาน
point,pointed,pointed,ชี้; แสดงให้เห็น
polish,polished,polished,ขัดเกลา; ขัดเงา
pollute,polluted,polluted,ทำให้เป็นมลพิษ
ponder,pondered,pondered,พิจารณา; ไตรตรอง
postpone,postponed,postponed,เลื่อนออกไป
pour,poured,poured,เท; ริน; ราด
pout,pouted,pouted,บุ้ยปาก; ทำหน้าบึ้ง
practise,practised,practised,ฝึกซ้อม
praise,praised,praised,ชมเชย; สรรเสริญ
pray,prayed,prayed,สวดมนต์; ภาวนา
preach,preached,preached,เทศนา; สั่งสอน
prefer,preferred,preferred,ชอบมากกว่า
prepare,prepared,prepared,จัดเตรียม
prescribe,prescribed,prescribed,สั่งยา
present,presented,presented,นำเสนอ
preserve,preserved,preserved,อนุรักษ์; หมักดอง
preset,preset,preset,ติดตั้งล่วงหน้า
preside,presided,presided,นำการประชุม; ควบคุม
press,pressed,pressed,กด; บีบอัด
pretend,pretended,pretended,เสแสร้ง
prevent,prevented,prevented,ขัดขวาง; ป้องกัน
print,printed,printed,พิมพ์
proceed,proceeded,proceeded,ดำเนินการ
procreate,procreated,procreated,ให้กำเนิด
produce,produced,produced,ผลิต
progress,progressed,progressed,ก้าวหน้า
prohibit,prohibited,prohibited,ห้าม; ขัดขวาง
promise,promised,promised,สัญญา รับปาก
propose,proposed,proposed,เสนอ; วางแผน
prosecute,prosecuted,prosecuted,ฟ้องร้อง; ดำเนินคดี
protect,protected,protected,ป้องกัน
prove,proved,proved/ proven,พิสูจน์
provide,provided,provided,จัดหาให้
pull,pulled,pulled,ดึง
punish,punished,punished,ลงโทษ
purify,purified,purified,ทำให้บริสุทธ์; ชำระล้าง
push,pushed,pushed,ผลัก; ดัน
put,put,put,วาง
qualify,qualified,qualified,มีคุณสมบัติ; ปรับตัว
quarrel,quarrelled,quarrelled,ทะเลาะ
question,questioned,questioned,สอบถาม
quit,quit,quit,เลิก
race,raced,raced,แข่งขัน (ความเร็ว)
rain,rained,rained,ฝนตก
rattle,rattled,rattled,ส่งเสียงรัว
reach,reached,reached,เอื้อม; ไปถึง
react,reacted,reacted,โต้ตอบ
read,read,read,อ่าน
readjust,readjusted,readjusted,ปรับใหม่
readmit,readmited,readmited,ยอมให้เข้ามาใหม่
realize,realized,realized,ตระหนัก
rebuild,rebuilt,rebuilt,สร้างใหม่
recall,recalled,recalled,นึกออก จำได้ว่า
recast,recast,recast,แต่งใหม่
receive,received,received,ได้รับ
recite,recited,recited,ท่องจำ; บรรยาย
recognise (UK),recognized,recognized,จำได้; สำนึก
recognize (US),recognized,recognized,จำได้; สำนึก
recollect,recollected,recollected,ระลึกถึง
recommence,recommenced,recommenced,เริ่มใหม่
recur,recurred,recurred,เกิดขึ้นอีก
recut,recut,recut,ตัดทอน
redo,redid,redone,ทำซ้ำ
redound,redounded,redounded,มีผลต่อ
redraw,redrew,redrawn,เขียนใหม่
reduce,reduced,reduced,ลดลง
refer,referred,referred,อ้างถึง เรียกว่า
reflect,reflected,reflected,สะท้อนกลับ; สะท้อนให้เห็น
refuse,refused,refused,ปฏิเสธ
regard,regarded,regarded,พิจารณา; เอาใจใส่
regret,regretted,regretted,เสียใจ
regrind,reground,reground,ลับคม
reheat,reheated,reheated,อุ่น
reinvigorate,reinvigorated,reinvigorated,ประคองตัว
relate,related,related,เกี่ยงข้องกับ
relax,relaxed,relaxed,พักผ่อน
relearn,relearnt/ relearned,relearnt/ relearned,เรียนรู้ใหม่
release,released,released,ปล่อย เผยแพร่
rely,relied,relied,พึ่งพาอาศัย; ไว้วางใจ
remain,remained,remained,ยังคงอยู่
remake,remade,remade,ทำใหม่
remove,removed,removed,ย้าย
rend,rent,rent,ฉีก; ตัด
renew,renewed,renewed,เริ่มใหม่; ทำใหม่
renounce,renounced,renounced,ยกเลิก; ปฏิเสธ
repair,repaired,repaired,ซ่อมแซม
repeat,repeated,repeated,ทำซ้ำ
replace,replaced,replaced,แทนที่
reply,replied,replied,ตอบ
report,reported,reported,รายงาน
request,requested,requested,ขอร้อง
reseat,reseated,reseated,เสียบ
resell,resold,resold,ขายต่อ
resemble,resembled,resembled,คล้ายคลึงกับ; เหมือนกับ
reset,reset,reset,รีเซ็ต
resist,resisted,resisted,ต่อต้าน; ขัดขวาง
resolve,resolved,resolved,ตัดสินใจ; แยกแยะ
respect,respected,respected,เคารพ; นับถือ
rest,rested,rested,พักผ่อน; สงบนิ่ง
restrain,restrained,restrained,ยับยั้ง; ควบคุม
retain,retained,retained,สงวนไว้; จดจำ
retake,retook,retaken,เอาคืน
retch,retched,retched,อาเจียน
retire,retired,retired,ปลดเกษียณ; ถอนตัว
return,returned,returned,กลับคืน
reuse,reused,reused,นำกลับมาใช้ใหม่
review,reviewed,reviewed,ทบทวน; วิจารณ์
revisit,revisited,revisited,ทบทวน
rewind,rewound,rewound,กรอกลับ; หมุนเทปกลับ
rid,rid,rid,ขจัด
ride,rode,ridden,ขี่
ring,rang,rung,กรดกริ่ง
rise,rose,risen,ลุกขึ้น
roar,roared,roared,คำราม
rob,robbed,robbed,ปล้น; ชิงทรัพย์
roll,rolled,rolled,ม้วน; กลิ้ง; หมุน
rot,rotted,rotted,ทำให้เน่าเปื่อย
rub,rubbed,rubbed,ขัดถู; นวด
rule,ruled,ruled,ควบคุม; ปกครอง
run,ran,run,วิ่ง
rush,rushed,rushed,รีบเร่ง; โจมตี
sabotage,sabotaged,sabotaged,ก่อวินาศกรรม; ทำลาย
sack,sacked,sacked,ไล่ออก; ชิงทรัพย์
sacrifice,sacrificed,sacrificed,เสียสละ; บวงสรวง
sadden,saddened,saddened,ทำให้เสียใจ
saddle,saddled,saddled,ใส่อาน; บรรทุก
sag,sagged,sagged,จมลง; ลดลง
sail,sailed,sailed,เดินเรือ
sally,sallied,sallied,ตีฝ่าวงล้อม; ออกเดินทาง
salute,saluted,saluted,คำนับ; ยกย่อง
salvage,salvaged,salvaged,กู้เรือ; กู้ภัย
salve,salved,salved,บรรเทา
sample,sampled,sampled,เอาเป็นตัวอย่าง
sanctify,sanctified,sanctified,ล้างบาป; ทำให้ศักดิ์สิทธิ์
sanction,sanctioned,sanctioned,อนุมัติ; ลงโทษ
sap,sapped,sapped,ขุดหลุม; ค่อย ๆ ทำลาย
saponify,saponified,saponified,ทำให้เป็นสบู่
sash,sashed,sashed,ประดับประดา
sashay,sashayed,sashayed,เดินกรีดกราย
sass,sassed,sassed,พูดอย่างยโสโอหัง
sate,sated,sated,ทำให้พอใจเป็นอย่างเต็มที่
satiate,satiated,satiated,ทำให้พอใจเป็นอย่างมาก; ทำให้เบื่อหน่าย
satirise,satirised,satirised,เสียดสี; เยาะเย้ย
satisfy,satisfied,satisfied,ทำให้พอใจ; ทำให้แน่ใจ
saturate,saturated,saturated,ทำให้เต็มสมบูรณ์; ทำให้ชุ่มไปด้วยน้ำ
saunter,sauntered,sauntered,เดินทอดน่อง
save,saved,saved,ประหยัด; เก็บรักษา; ช่วยชีวิต; ป้องกัน
savor,savored,savored,ชิมรส;  ปรุงรส
savvy,savvied,savvied,เข้าใจ
saw,sawed,sawed/ sawn,เลื่อย
say,said,said,พูด
scab,scabbed,scabbed,ตกสะเก็ต
scabble,scabbled,scabbled,ตกแต่งอย่างคร่าว ๆ
scald,scalded,scalded,ทำให้ร้อนจัด; ลวก
scale,scaled,scaled,ตกสะเก็ด; วัดขนาด
scam,scammed,scammed,โกง; หลอกลวง
scan,scanned,scanned,อ่านผ่าน; ตรวจรายละเอียด
scant,scanted,scanted,ทำให้ขาดแคลน
scar,scarred,scarred,ทำให้มีแผลเป็น
scare,scared,scared,กลัว; ตกใจ ;หลอน
scarify,scarified,scarified,ทำให้มีรอยบาก; วิจารณ์อย่างรุนแรง
scarp,scarped,scarped,ทำให้เป็นทางลาดชัน
scat,scatted,scatted,ผลุนผลันออกไปอย่างรวดเร็ว
scatter,scattered,scattered,กระจาย
scold,scolded,scolded,ว่ากล่าว
scorch,scorched,scorched,ไหม้เกรียม
scowl,scowled,scowled,ทำหน้าบึ้งตึง
scrawl,scrawled,scrawled,เขียนหวัด
scream,screamed,screamed,กรีดร้อง
screw,screwed,screwed,ขันสกรู
scrub,scrubbed,scrubbed,ขัดถู
search,searched,searched,ค้นหา
seat,seated,seated,นั่ง
secure,secured,secured,ป้องกัน
see,saw,seen,เห็น
seek,sought,sought,ค้นหา
seem,seemed,seemed,ดูเหมือน
seethe,seethed,seethed,โกรธ; เดือด
seize,seized,seized,จับกุม; ฉวยโอกาส; ยึด
select,selected,selected,เลือก
sell,sold,sold,ขาย
send,sent,sent,ส่ง
sentence,sentenced,sentenced,พิพากษา
separate,separated,separated,แบ่งแยก
serve,served,served,บริการ
set,set,set,จัดวาง
sever,severed,severed,แยกออกดป็นส่วน ๆ; ตัดสัมพันธไมตรี
sew,sewn,sewn,เย็บ
shake,shook,shaken,สั่น
shape,shaped,shaped,ทำให้เป็นรูปร่าง
share,shared,shared,แบ่งส่วน; ใช้ร่วมกัน
shatter,shattered,shattered,แตกละเอียด
shave,shaved,shaved/ shaven,โกน
shear,shore,shorn,ตัดขนแกะ
shed,shed,shed,เท; ทิ้ง
shine,shone,shone,เปล่งแสง
shirk,shirked,shirked,หลีกเลี่ยง
shit,shit,shit,ถ่ายอุจจาระ
shiver,shivered,shivered,สั่น
shock,shocked,shocked,ทำให้ตกใจ; กระตุ้นด้วยไฟฟ้า; ตีอย่างแรง
shoe,shoed,shoed,ซ่อมรองเท้า
shoot,shot,shot,ยิง
shop,shopped,shopped,จ่ายตลาด
shorten,shortened,shortened,ทำให้สั้นลง; ลดลง
shout,shouted,shouted,ตะโกน
show,showed,showed/ shown,แสดง
shrink,shrank,shrunk,หด
shun,shunned,shunned,หลบเลี่ยง; สับเปลี่ยน
shut,shut,shut,ปิด
sight,sighted,sighted,เห็น
signal,signalled,signalled,ส่งสัญญาณ
signify,signified,signified,มีความหมาย; บ่งชี้
sing,sang,sung,ร้องเพลง
sink,sank,sunk,จม
sip,sipped,sipped,จิบ; ชิม
sit,sat,sat,นั่ง
ski,skied,skied,เคลื่อนไปด้วยสกี
skid,skidded,skidded,ลื่น
slam,slammed,slammed,ปิดเสียงดัง; ได้ชัยชนะ
slay,slew,slain,ฆ่า
sleep,slept,slept,นอน
slide,slid,slid,เลื่อน
slim,slimmed,slimmed,ทำให้ผอมลง
sling,slung,slung,ขว้าง; คล้อง
slink,slunk,slunk,เดินหลบเลี่ยง; คลอดลูกก่อนกำหนด (สัตว์)
slip,slipped,slipped,ลื่นไถล
slit,slit,slit,สอดกรีดตามยาว
smash,smashed,smashed,แตกเป็นชิ้น ๆ; ชนอย่างจัง; ทำให้พ่ายแพ้
smell,smelt,smelt,กลิ่น
smile,smiled,smiled,ยิ้ม
smite,smote,smitten,ตีอย่างแรง
smoke,smoked,smoked,สูบบุหรี่
smooth,smoothed,smoothed,ทำให้เรียบ
smother,smothered,smothered,หายใจเหนื่อยหอบ
snap,snapped,snapped,แตกและมีเสียงดังแหลม
snatch,snatched,snatched,คว้า; กระชาก
sneak,sneaked,sneaked,หลบ ๆ ซ่อน ๆ; แอบพาไป
sneeze,sneezed,sneezed,จาม
sniff,sniffed,sniffed,สูดอากาศ. ทำจมูกฟุตฟิต
snow,snowed,snowed,หิมะตก
soar,soared,soared,บินสูงขึ้นไปในอากาศ
sob,sobbed,sobbed,สะอื้น
solicit,solicited,solicited,เรียกร้อง
solve,solved,solved,แก้ปัญหา
soothe,soothed,soothed,บรรเทาความเจ็บปวด; สงบลง
sort,sorted,sorted,จัดเข้าประเภท; แยกประเภท
sow,sowed,sowed/ sown,หว่านพืช
sparkle,sparkled,sparkled,เกิดประกายไฟ
speak,spoke,spoken,พูด
speed,sped,sped,เร่งความเร็ว
spell,spelt,spelt,สะกด
spend,spent,spent,ใช้จ่าย
spill,spilt,spilt,ทำหก
spin,spun,spun,ปั่น
spit,spit/ spat,spit,บ้วนน้ำลาย
split,split,split,แยกออกจากกัน
spoil,spoilt,spoilt,ทำให้เสียหาย; ตามใจจนเสียคน; เน่าเสีย; แย่งชิง
spray,sprayed,sprayed,ฉีดพ่น
spread,spread,spread,แผ่
spring,sprang/sprung,sprung,กระโดด
sprout,sprouted,sprouted,แตกหน่อ
squeeze,squeezed,squeezed,คั้น; โอบกอด; บีบบังคับ
stand,stood,stood,ยืน
stare,stared,stared,จ้องมอง
start,started,started,เริ่มต้น
state,stated,stated,บอกกล่าว
stay,stayed,stayed,พักอาศัย
steal,stole,stolen,ขโมย
steep,steeped,steeped,จุ่ม; ทำให้เปียกชุ่ม
stem,stemmed,stemmed,เอาก้านออก; กำเนิด
step,stepped,stepped,ก้าว; เหยียบ
sterilize,sterilized,sterilized,ทำให้ปราศจากเชื้อ
stick,stuck,stuck,ติดอยู่กับ
stimulate,stimulated,stimulated,กระตุ้น
sting,stung,stung,ปล่อยเหล็กไน
stink,stank,stunk,เหม็น
stir,stirred,stirred,คนให้เข้ากัน; ขยับ; กระตุ้น
stitch,stitched,stitched,เย็บ
stoop,stooped,stooped,โค้งตัว; ถ่อมตัว; ยอมให้
stop,stopped,stopped,หยุด
store,stored,stored,กักตุน; เก็บข้อมูล
strain,strained,strained,ขึงให้ตรึง; ทำงานหนักเกินไป; ทำให้เครียด
stray,strayed,strayed,พลัดหลง; ร่อนเร่
stress,stressed,stressed,เน้น; ออกเสียงหนัก; ทำให้ตึงเครียด
stretch,stretched,stretched,ขยายออก; ทำให้ตรึง
strew,strewed,strewn/ strewed,โรย
stride,strod,stridden,เดินก้าวยาว ๆ
strike,struck,struck,ตี
string,strung,strung,ขึ้นสาย; ร้อยลูกปัด
strive,strove,striven,ดิ้นรน; ต่อสู้
study,studied,studied,เรียน
submit,submitted,submitted,เสนอ; ยอม
subscribe,subscribed,subscribed,บริจาค; ลงนาม; สมัครสมาชิก
subtract,subtracted,subtracted,หักออก; ลบออก
succeed,succeeded,succeeded,สำเร็จ; สืบทอด
suck,sucked,sucked,ดูด
suffer,suffered,suffered,ทุกข์ทรมาน; อดทน
suggest,suggested,suggested,แนะนำ
summon,summoned,summoned,ออกหมายเรียก; เรียกประชุม; ขอร้อง
supply,supplied,supplied,จัดหาให้; ชดเชย; อัญเชิญ
support,supported,supported,สนับสนุน; ค้ำ
suppose,supposed,supposed,สมมุติ
surge,surged,surged,ขึ้น ๆ ลง ๆ; เพิ่มขึ้นอย่างรวดเร็ว
surmise,surmised,surmised,สันนิษฐาน
surpass,surpassed,surpassed,ล้ำหน้ากว่า
surround,surrounded,surrounded,ล้อมรอบ
survey,surveyed,surveyed,สำรวจ; พิจารณา; ทำแผนที่
survive,survived,survived,มีชีวิตรอด
swallow,swallowed,swallowed,กลืน; ท่วมท้น; อดทน; คืนคำพูด
sway,swayed,swayed,แกว่งไปมา; เอียง; ลังเลใจ; ครอบงำ
swear,swore,sworn,สาบาน
sweat,sweated/ sweat,sweated/ sweat,เหงื่อ
sweep,swept,swept,กวาด
swell,swelled,swelled/ swollen,บวม
swim,swam,swum,ว่ายน้ำ
swing,swung,swung,แกว่ง
swot,swotted,swotted,ตีอย่างแรง
take,took,taken,สนทนา
talk,talked,talked,นำไป
tap,tapped,tapped,เคาะ
taste,tasted,tasted,ชิม
tax,taxed,taxed,เก็บภาษี; กล่าวหา
teach,taught,taught,สอน
tear,tore,torn,ฉีก
tee,teed,teed,มีอยู่คับคั่ง; ให้กำเนิด; ปลดปล่อย
tell,told,told,บอก
tempt,tempted,tempted,ทำให้อยาก; ล่อลวง; ทดสอบ
tend,tended,tended,โน้มน้าว; คอยรับใช้; เลี้ยง(สัตว์)
terminate,terminated,terminated,สิ้นสุดลง
terrify,terrified,terrified,ทำให้หวาดกลัว
test,tested,tested,ทดสอบ; ตรวจสอบ
thank,thanked,thanked,แสดงการขอบคุณ
think,thought,thought,คิด
thread,threaded,threaded,ทะลุผ่าน
threat,threated,threated,คุกคาม
threaten,threatened,threatened,ข่มขู่
thrive,thrived/ throve,thrived,เติบโต
throw,threw,thrown,ขว้าง
thrust,thrust,thrust,ผลัก
thump,thumped,thumped,เคาะ; ทุบ; ตีดัง ๆ
tie,tied,tied,ผูกเป็นปม
tire,tired,tired,ทำให้เหนื่อย
torpedo,torpedoed,torpedoed,โจมตีด้วยตอร์ปิโด
toss,tossed,tossed,โยน; ทอย(เหรียญ)
touch,touched,touched,สัมผัส; มีอิทธิพล
train,trained,trained,อบรม
trample,trampled,trampled,กระทืบ
transfer,transferred,transferred,ย้าย; ถ่ายทอด
transform,transformed,transformed,เปลี่ยนแปลง
translate,translated,translated,แปล; เปลี่ยน; ทำความเข้าใจ
trap,trapped,trapped,วางกับดัก
travel,traveled,traveled,ท่องเที่ยว
tread,trod,trodden,เดิน
treasure,treasured,treasured,ทะนุถนอม; เห็นคุณค่า
treat,treated,treated,ปฏิบัติต่อ; รักษา; เลี้ยง
tree,treed,treed,ไล่ขึ้นต้นไม้
tremble,trembled,trembled,สั่นสะเทือน
triumph,triumphed,triumphed,ได้รับชัยชนะ; ประสบความสำเร็จ
trust,trusted,trusted,วางใจ; คาดหวัง
try,tried,tried,พยายาม; ทดลอง
turn,turned,turned,เปลี่ยน; ย้อนกลับ; เลี้ยว; กลายเป็น
type,typed,typed,พิมพ์
typeset,typeset,typeset,เรียงพิมพ์
undergo,underwent,undergone,ได้รับ
undersell,undersold,undersold,กดราคา
understand,understood,understood,เข้าใจ
understudy,understudied,understudied,ศึกษาบทแทน
undertake,undertook,undertaken,รับปาก
underwrite,underwrote,underwritten,รับประกัน
undo,undid,undone,แก้ไข
unpleat,unpleated,unpleated,แกะออก
unseat,unseated,unseated,ไล่ออกจากตำแหน่ง
unstick,unstuck,unstuck,ถอด
unthread,unthreaded,unthreaded,เอาเส้นไหมออก
unwind,unwound,unwound,คลี่คลาย
uphold,upheld,upheld,ยกไว้
uproot,uprooted,uprooted,ถอนต้นไม้; ทำลาย
upset,upset,upset,เสียใจ
urge,urged,urged,กระตุ้น
use,used,used,ใช้
utter,uttered,uttered,พูด; แจ้งให้ทราบ
value,valued,valued,ประเมินค่า; ให้ความสำคัญ
vanish,vanished,vanished,หายไป
vary,varied,varied,แปรปรวน; เปลี่ยนแปลง
verify,verified,verified,พิสูจน์ว่าเป็นจริง; ยืนยันความถูกต้อง
vex,vexed,vexed,ก่อกวน; ทำให้ระคายเคือง
vie,vied,vied,แข่งขัน
view,viewed,viewed,พิจารณา; มีความคิดเห็น
violate,violated,violated,ฝ่าฝืน
visit,visited,visited,เยี่ยมชม
vomit,vomited,vomited,อาเจียน
wait,waited,waited,รอ
wake,woke,woken,ตื่น
walk,walked,walked,เดิน
wander,wandered,wandered,ร่อนเร่; เดินเล่น; ออกนอกเส้นทาง; ขาดสมาธิ
want,wanted,wanted,ต้องการ
warn,warned,warned,เตือน
wash,washed,washed,ล้าง
waste,wasted,wasted,ใช้ไปโดยป่าวประโยชน์; ทำให้อ่อนเพลีย; ทำลาย
watch,watched,watched,ดู
water,watered,watered,ลดน้ำ; ทำให้เปียก
wave,waved,waved,โบกไปมา; ทำให้เป็นลอน
wax,waxed,waxed,เคลือบด้วยขี้ผึ้ง
waylay,waylaid,waylaid,ซุ่มโจมตี
wear,wore,worn,สวม
weather,weathered,weathered,รอดพ้นจากอุปสรรค
weave,weaved/ wove,weaved/ woven,ทอ
wed,wed,wed,แต่งงาน
weep,wept,wept,ร้องไห้
weigh,weighed,weighed,ชั้งน้ำหนัก; ประเมิน
welcome,welcomed,welcomed,ต้อนรับ
wend,went,went,ไป
wet,wet,wet,เปียก
whip,whipped,whipped,หวด; ตวัด; เสียดสี
whisper,whispered,whispered,กระซิบ
whitewash,whitewashed,whitewashed,ล้างบาป
win,won,won,ชนะ
wind,wound,wound,ไขลาน
wish,wished,wished,ปรารถนา
withdraw,withdrew,withdrawn,ถอน
withhold,withheld,withheld,ระงับ; ยับยั้ง; ไม่อนุมัติ
withstand,withstood,withstood,ทนต่อ; อดกลั้นต่อ; ต้านทานต่อ
work,worked,worked,ทำงาน
worry,worried,worried,กังวล
worship,worshipped,worshipped,สักการะบูชา
wrap,wrapt/ wrapped,wrapt/ wrapped,ห่อ
wring,wrung,wrung,บิด
write,wrote,written,เขียน
yawn,yawned,yawned,หาว
yell,yelled,yelled,ตะโกน
yield,yielded,yielded,ให้ผลผลิต; ถูกแทนที่ด้วย; โค้งงอ; ยอมจำนน
zinc,zincked,zincked,ถูกเคลือบด้วยสังกะสี
zoom,zoomed,zoomed,เคลื่อนตัวอย่างรวดเร็วและเสียงกระหึ่ม; เพิ่มขึ้นหรือสูงขึ้นรวดเร็วมาก; เปลี่ยนการขยายภาพ